{"0":[990.0,999.9,989.901,999.80001,989.8020099,999.700029999,989.703029699,999.600059996,1009.596060596,1019.6920212019,1029.8889414139,1040.1878308281,1050.5897091364,1061.0956062277,1050.4846501654,1060.9894966671,1050.3796017004,1039.8758056834,1050.2745637403,1060.7773093777,1071.3850824714,1060.6712316467,1071.2779439632,1081.9907234028,1092.8106306369,1103.7387369432,1092.7013495738,1103.6283630695,1092.5920794388,1081.6661586444,1070.849497058,1060.1410020874,1070.7424121083,1081.4498362294,1070.6353378671,1081.3416912458,1092.1551081582,1103.0766592398,1114.1074258322,1125.2485000905,1136.5009850914,1147.8659949423,1159.3446548918,1147.7512083428,1159.2287204263,1147.636433222,1159.1127975542,1170.7039255298,1182.4109647851,1170.5868551372,1182.2927236886,1170.4697964517,1182.1744944162,1193.9962393604,1205.936201754,1217.9955637715,1205.8156081338,1193.7574520525,1205.695026573,1193.6380763073,1181.7016955442,1193.5187124996,1181.5835253746,1169.7676901209,1158.0700132197,1169.6507133519,1181.3472204854,1193.1606926902,1205.0922996172,1217.1432226133,1204.9717903872,1192.9220724833,1180.9928517585,1192.8027802761,1180.8747524733,1192.683499998,1204.610334998,1192.564231648,1204.4898739645,1192.4449752249,1204.3694249771,1216.4131192269,1228.5772504192,1216.291477915,1204.1285631358,1192.0872775045,1180.1664047294,1168.3647406821,1156.6810932753,1145.1142823426,1133.6631395191,1122.3265081239,1133.5497732052,1122.2142754731,1133.4364182279,1144.7707824101,1133.323074586,1144.6563053319,1156.1028683852,1167.6638970691],"1":[1010.0,1020.1,1030.301,1019.99799,1009.7980101,999.700029999,989.703029699,979.805999402,989.604059396,979.7080188021,989.5050989901,979.6100480002,969.8139475202,960.115808045,950.5146499645,941.0095034649,931.5994084303,922.2834143459,931.5062484894,940.8213109743,931.4130978646,922.0989668859,912.8779772171,922.0067569892,931.2268245591,940.5390928047,949.9444837328,940.4450388954,949.8494892844,959.3479841772,968.941464019,978.6308786592,968.8445698726,959.1561241739,949.5645629321,940.0689173028,949.4696064758,939.9749104111,930.575161307,939.88091292,930.4821037908,921.1772827529,911.9655099254,921.0851650247,930.2960166749,920.9930565082,911.7831259431,902.6652946836,893.6386417368,902.5750281542,893.5492778726,884.6137850939,875.767647243,884.5253237154,893.3705769525,884.436871183,893.2812398949,884.3484274959,893.1919117709,884.2599926532,875.4173927266,884.1715666539,893.0132823204,901.9434151436,910.9628492951,901.8532208021,910.8717530101,901.76303548,910.7806658348,919.8884724932,910.6895877683,919.7964836459,910.5985188095,901.4925336214,892.4776082852,901.402384368,910.4164082117,919.5205722938,928.7157780168,938.0029357969,928.622906439,919.3366773746,928.5300441483,937.8153445898,928.4371911439,919.1528192325,928.3443474248,919.0609039505,928.25151299,918.9689978601,928.1586878387,918.8771009604,928.06587197,937.3465306897,927.9730653828,937.2527960366,946.625323997,956.0915772369,946.5306614646,937.0653548499],"2":[1010.0,1020.1,1030.301,1040.60401,1051.0100501,1040.499949599,1030.094950103,1040.395899604,1050.7998586001,1061.3078571861,1050.6947786142,1040.1878308281,1029.7859525198,1040.083812045,1029.6829739245,1039.9798036638,1050.3796017004,1039.8758056834,1029.4770476266,1019.1822771503,1008.9904543788,1019.0803589226,1029.2711625118,1039.563874137,1029.1682353956,1039.4599177495,1029.065318572,1018.7746653863,1028.9624120402,1018.6727879198,1028.859515799,1018.570920641,1008.3852114346,1018.4690635489,1008.2843729134,998.2015291843,988.2195138925,978.3373187535,968.553945566,978.2394850217,968.4570901714,958.7725192697,949.184794077,958.6766420178,949.0898755976,958.5807743536,968.1665820971,958.4849162762,948.9000671134,958.3890677845,948.8051771067,939.3171253356,929.9239540823,939.2231936231,929.8309616869,939.1292713037,929.7379785907,920.4405988048,929.6450047928,920.3485547449,911.1450691975,920.2565198894,929.4590850883,920.1644942374,910.9628492951,901.8532208021,892.8346885941,883.9063417082,892.7454051252,883.817951074,874.9797715632,866.2299738476,857.5676741091,866.1433508502,857.4819173417,848.9070981683,857.39616915,848.8222074585,857.3104295331,848.7373252377,857.2246984901,865.796945475,857.1389760203,865.7103657805,874.3674694383,865.6237947439,856.9675567965,848.3978812285,839.9139024162,831.514763392,823.1996157581,814.9676196005,806.8179434045,814.8861228386,823.034984067,831.2653339076,839.5779872467,847.9737671192,839.494029448,847.8889697425],"3":[1010.0,1020.1,1009.899,1019.99799,1009.7980101,999.700029999,989.703029699,999.600059996,1009.596060596,1019.6920212019,1009.4951009899,999.40014998,1009.3941514798,999.300209965,989.3072078654,999.200279944,1009.1922827434,999.100359916,989.1093563169,979.2182627537,969.4260801261,979.1203409274,988.9115443367,979.0224288933,988.8126531822,978.9245266504,969.1352813839,959.4439285701,949.8494892844,959.3479841772,968.941464019,978.6308786592,968.8445698726,959.1561241739,968.7476854156,978.4351622698,968.6508106471,978.3373187535,988.1206919411,998.0018988605,988.0218798719,978.1416610732,968.3602444624,978.0438469071,987.8242853761,997.7025282299,1007.6795535122,1017.7563490473,1027.9339125378,1017.6545734124,1027.8311191465,1017.5528079551,1007.3772798755,1017.4510526743,1007.2765421475,1017.349307569,1007.1758144933,1017.2475726382,1007.0750969119,1017.145847881,1006.9743894022,996.9046455081,986.9355990531,996.8049550436,986.8369054932,976.9685364382,967.1988510738,957.5268625631,947.9515939375,957.4311098768,967.0054209756,957.3353667659,966.9087204335,957.2396332292,966.8120295615,957.1439092659,947.5724701732,938.0967454715,947.4777129262,956.9524900554,966.522014956,956.8567948064,966.4253627545,976.0896163821,985.8505125459,995.7090176713,985.7519274946,995.6094467696,985.6533523019,995.5098858249,1005.4649846831,1015.51963453,1005.3644381847,995.3107938028,985.3576858648,995.2112627234,985.2591500962,975.4065585952,965.6524930093,975.3090179394],"4":[990.0,980.1,989.901,980.00199,989.8020099,979.903989801,970.104949903,979.805999402,970.007939408,960.3078600139,969.9109386141,960.2118292279,950.6097109356,941.1036138263,950.5146499645,960.0197964642,969.6199944288,979.3161943731,969.5230324294,979.2182627537,969.4260801261,959.7318193249,969.3291375181,979.0224288933,988.8126531822,998.7007797141,1008.6877875112,998.6009096361,1008.5869187325,998.5010495451,988.5160390497,998.4011994402,988.4171874458,978.5330155713,988.318345727,978.4351622698,968.6508106471,978.3373187535,988.1206919411,978.2394850217,968.4570901714,978.1416610732,987.9230776839,997.8023084607,1007.7803315453,997.7025282299,987.7255029476,997.6027579771,1007.5787855568,997.5029977013,987.5279677243,997.4032474015,987.4292149275,997.3035070768,1007.2765421475,1017.349307569,1027.5228006447,1017.2475726382,1007.0750969119,1017.145847881,1027.3173063598,1017.0441332962,1027.2145746291,1016.9424288829,1027.1118531717,1016.84073464,1006.6723272936,1016.7390505665,1026.9064410722,1016.6373766614,1026.8037504281,1037.0717879323,1026.701070053,1036.9680807536,1026.598399946,1036.8643839455,1026.495740106,1016.230782705,1006.0684748779,996.0077901291,1005.9678680304,995.9081893501,1005.8672712436,1015.9259439561,1026.0852033956,1015.8243513617,1025.9825948753,1015.7227689265,1025.8799966158,1015.6211966496,1025.7774086161,1015.51963453,1025.6748308753,1015.4180825665,1005.2639017408,995.2112627234,985.2591500962,975.4065585952,965.6524930093,975.3090179394],